{
  "feature_names": [
    "delta_glucose_cv",
    "delta_TAR",
    "delta_TBR",
    "pci",
    "glucose_trend_7d",
    "delta_sleep",
    "delta_stress"
  ],
  "scaler_mean": [
    -0.0009204789786665724,
    0.3887714954412614,
    -4.4551021473055945,
    0.49999041759820156,
    -0.05988830901910668,
    -0.0027478364933395034,
    0.1846854207879137
  ],
  "scaler_scale": [
    0.5907161099070393,
    35.44113034978673,
    507.05546873880843,
    0.03647569438746578,
    3.0015342845740225,
    0.3138632020240216,
    19.61389704825071
  ],
  "coef": [
    0.7292611630100524,
    33.71135829545928,
    -0.01999244440021763,
    0.041435181323910664,
    0.638496935974224,
    -0.12328838226235375,
    3.179742950845804
  ],
  "intercept": -0.16682006668435767
}