{
  "feature_names": [
    "delta_glucose_cv",
    "delta_TAR",
    "delta_TBR",
    "pci",
    "glucose_trend_7d",
    "delta_sleep",
    "delta_stress"
  ],
  "scaler_mean": [
    -0.0009204789786665724,
    0.3887714954412614,
    -4.4551021473055945,
    0.49999041759820156,
    -0.05988830901910668,
    -0.0027478364933395034,
    0.1846854207879137
  ],
  "scaler_scale": [
    0.5907161099070393,
    35.44113034978673,
    507.05546873880843,
    0.03647569438746578,
    3.0015342845740225,
    0.3138632020240216,
    19.61389704825071
  ],
  "coef": [
    -0.02236651040366263,
    0.014634116734825385,
    19.477802903788003,
    0.05462582054391387,
    -0.3669936576155952,
    -0.0312221901294524,
    0.023871603720454014
  ],
  "intercept": -0.5466768699163935
}