{
  "feature_names": [
    "delta_glucose_cv",
    "delta_TAR",
    "delta_TBR",
    "pci",
    "glucose_trend_7d",
    "delta_sleep",
    "delta_stress"
  ],
  "scaler_mean": [
    -0.0009204789786665724,
    0.3887714954412614,
    -4.4551021473055945,
    0.49999041759820156,
    -0.05988830901910668,
    -0.0027478364933395034,
    0.1846854207879137
  ],
  "scaler_scale": [
    0.5907161099070393,
    35.44113034978673,
    507.05546873880843,
    0.03647569438746578,
    3.0015342845740225,
    0.3138632020240216,
    19.61389704825071
  ],
  "coef": [
    0.4830734949256823,
    15.82616117014085,
    16.58309128624926,
    0.08515911590027819,
    -0.004012275071144885,
    0.021185450674430818,
    -0.015582898714652538
  ],
  "intercept": -0.41961901905324234
}